size,RGIN,RGATv2,Non-MP,SPT,FCFS,MWKR,MOR,Random
15x15,0.2149471335426098,0.18543969666684226,0.1795668180772902,0.2588879873259011,0.20532302207214875,0.19152318878891234,0.20532302207214875,0.314421311400793
20x15,0.20883775335510452,0.17021071667725218,0.20436781279659888,0.3282590621136098,0.23560835607946906,0.2335841462535766,0.23560835607946906,0.340082972468292
20x20,0.2132020245455184,0.18761919397141552,0.18977247487363152,0.2775182833954368,0.21707645703410067,0.21813007317398087,0.21707645703410067,0.33126808180090694
30x15,0.2221804438319815,0.16146399654553295,0.18369635344534413,0.3526577473131519,0.22822195867460246,0.23906446155387825,0.22822195867460246,0.34861932517205274
30x20,0.24769151768398726,0.18495230561258755,0.20774493741256772,0.34406277112111505,0.24909861630381772,0.25139725446299693,0.24909861630381772,0.37125428469428023
50x15,0.12169931519474993,0.0739212656461287,0.11924674954958367,0.2410894891731738,0.17366117357582972,0.1685980603640396,0.17366117357582972,0.2538217185030587
50x20,0.1570504038906293,0.10188419364914965,0.13691176083687634,0.2553963324961882,0.17684315355547764,0.17946684183063927,0.17684315355547764,0.30243110625032504
100x20,0.05500138467810821,0.023653898867325773,0.05040842337771606,0.14408085256029143,0.09152271645869578,0.08306047824036383,0.09152271645869578,0.16680363167747864
